{"cameraMode":{"drawMode":0,"name":"Shaded","section":"Shading Mode"},"sceneLighting":true,"audioPlay":false,"sceneViewState":{"m_AlwaysRefresh":false,"showFog":true,"showSkybox":true,"showFlares":true,"showImageEffects":true,"showParticleSystems":true,"showVisualEffectGraphs":true,"m_FxEnabled":true},"in2DMode":false,"pivot":{"x":370.14678955078127,"y":300.55010986328127,"z":91.98591613769531},"rotation":{"x":0.04129144176840782,"y":-0.026967676356434823,"z":0.0011211407836526633,"w":0.9986725449562073},"size":492.694580078125,"orthographic":false}